Name,URL,Type,Size (KB),Created Date
"Amazonian1CF.jpg","https://firebasestorage.googleapis.com/v0/b/whysoilmatters-1c40b.firebasestorage.app/o/SSWwholesale.com%2FAmazonian1CF.jpg?alt=media&token=5dc7a4a4-8d93-4a67-8eb7-67031e2bd104","image/jpeg",1164.88,"5/15/2025, 1:17:25 PM"
"Artemis10lbs (1).jpg","https://firebasestorage.googleapis.com/v0/b/whysoilmatters-1c40b.firebasestorage.app/o/SSWwholesale.com%2FArtemis10lbs%20(1).jpg?alt=media&token=06e1d610-504d-4745-8e59-9ae28a475297","image/jpeg",5304.70,"5/15/2025, 1:17:53 PM"
"Bacchus1CF.jpg","https://firebasestorage.googleapis.com/v0/b/whysoilmatters-1c40b.firebasestorage.app/o/SSWwholesale.com%2FBacchus1CF.jpg?alt=media&token=9bef6263-5f5e-4579-91b9-fc14ba1421c3","image/jpeg",6805.48,"5/15/2025, 1:17:55 PM"
"Cannabag10lbs.jpg","https://firebasestorage.googleapis.com/v0/b/whysoilmatters-1c40b.firebasestorage.app/o/SSWwholesale.com%2FCannabag10lbs.jpg?alt=media&token=17087b73-37fa-4e7b-a3a4-c1562400d263","image/jpeg",5985.44,"5/15/2025, 1:17:55 PM"
"Cultivators 9LB WB.jpg","https://firebasestorage.googleapis.com/v0/b/whysoilmatters-1c40b.firebasestorage.app/o/SSWwholesale.com%2FCultivators%209LB%20WB.jpg?alt=media&token=dde1c11a-e6f9-4bae-af25-ccfa2817ddb1","image/jpeg",2916.24,"5/15/2025, 1:17:43 PM"
"Dans Drought10lbs.jpg","https://firebasestorage.googleapis.com/v0/b/whysoilmatters-1c40b.firebasestorage.app/o/SSWwholesale.com%2FDans%20Drought10lbs.jpg?alt=media&token=37181ac4-1e34-44c0-8e10-5b990785380f","image/jpeg",1195.58,"5/15/2025, 1:17:28 PM"
"DansGold9lbs (1).jpg","https://firebasestorage.googleapis.com/v0/b/whysoilmatters-1c40b.firebasestorage.app/o/SSWwholesale.com%2FDansGold9lbs%20(1).jpg?alt=media&token=b0f2e6d8-0290-4044-835a-6f103dde1825","image/jpeg",6763.72,"5/15/2025, 1:17:55 PM"
"Mikeys Worm Poop9lbs.jpg","https://firebasestorage.googleapis.com/v0/b/whysoilmatters-1c40b.firebasestorage.app/o/SSWwholesale.com%2FMikeys%20Worm%20Poop9lbs.jpg?alt=media&token=51ec4f5e-8802-4be3-a9ee-2bc7ebdf55f1","image/jpeg",1269.24,"5/15/2025, 1:17:28 PM"
"Oasis 9LB WB.jpg","https://firebasestorage.googleapis.com/v0/b/whysoilmatters-1c40b.firebasestorage.app/o/SSWwholesale.com%2FOasis%209LB%20WB.jpg?alt=media&token=cc4f6af4-1bba-42ab-97ad-c7a7829720d5","image/jpeg",2728.15,"5/15/2025, 1:17:41 PM"
"PlantPal10lbs.jpg","https://firebasestorage.googleapis.com/v0/b/whysoilmatters-1c40b.firebasestorage.app/o/SSWwholesale.com%2FPlantPal10lbs.jpg?alt=media&token=5289eae1-571d-4826-9f74-818b171021b8","image/jpeg",5334.50,"5/15/2025, 1:17:53 PM"